[2026-09-22T17:15:10.150+0000] {manager.py:483} INFO - Processing files using up to 2 processes at a time 
[2026-09-22T17:15:10.159+0000] {manager.py:484} INFO - Process each file at most once every 30 seconds
[2026-09-22T17:15:10.162+0000] {manager.py:485} INFO - Checking for new files in /opt/airflow/dags every 300 seconds
[2026-09-22T17:15:10.164+0000] {manager.py:821} INFO - Searching for files in /opt/airflow/dags
[2026-09-22T17:15:10.184+0000] {manager.py:824} INFO - There are 1 files in /opt/airflow/dags
[2026-09-22T17:15:10.411+0000] {manager.py:997} INFO - 
================================================================================
DAG File Processing Stats

File Path                                PID  Runtime      # DAGs    # Errors  Last Runtime    Last Run      Last # of DB Queries
-------------------------------------  -----  ---------  --------  ----------  --------------  ----------  ----------------------
/opt/airflow/dags/dss150p_pipeline.py    167  0.08s             0           0                                                   0
================================================================================
[2026-09-22T17:15:40.559+0000] {manager.py:997} INFO - 
================================================================================
DAG File Processing Stats

File Path                              PID    Runtime      # DAGs    # Errors  Last Runtime    Last Run               Last # of DB Queries
-------------------------------------  -----  ---------  --------  ----------  --------------  -------------------  ----------------------
/opt/airflow/dags/dss150p_pipeline.py                           1           0  1.11s           2026-09-22T17:15:11                      45
================================================================================
[2026-09-22T17:16:10.723+0000] {manager.py:997} INFO - 
================================================================================
DAG File Processing Stats

File Path                              PID    Runtime      # DAGs    # Errors  Last Runtime    Last Run               Last # of DB Queries
-------------------------------------  -----  ---------  --------  ----------  --------------  -------------------  ----------------------
/opt/airflow/dags/dss150p_pipeline.py                           1           0  1.14s           2026-09-22T17:15:42                      12
================================================================================
[2026-09-22T17:16:40.851+0000] {manager.py:997} INFO - 
================================================================================
DAG File Processing Stats

File Path                              PID    Runtime      # DAGs    # Errors  Last Runtime    Last Run               Last # of DB Queries
-------------------------------------  -----  ---------  --------  ----------  --------------  -------------------  ----------------------
/opt/airflow/dags/dss150p_pipeline.py                           1           0  1.29s           2026-09-22T17:16:14                      12
================================================================================
[2026-09-22T17:17:11.259+0000] {manager.py:997} INFO - 
================================================================================
DAG File Processing Stats

File Path                              PID    Runtime      # DAGs    # Errors  Last Runtime    Last Run               Last # of DB Queries
-------------------------------------  -----  ---------  --------  ----------  --------------  -------------------  ----------------------
/opt/airflow/dags/dss150p_pipeline.py                           1           0  0.28s           2026-09-22T17:16:45                      12
================================================================================
[2026-09-22T17:17:41.785+0000] {manager.py:997} INFO - 
================================================================================
DAG File Processing Stats

File Path                              PID    Runtime      # DAGs    # Errors  Last Runtime    Last Run               Last # of DB Queries
-------------------------------------  -----  ---------  --------  ----------  --------------  -------------------  ----------------------
/opt/airflow/dags/dss150p_pipeline.py                           1           0  0.30s           2026-09-22T17:17:15                      12
================================================================================
[2026-09-22T17:18:12.230+0000] {manager.py:997} INFO - 
================================================================================
DAG File Processing Stats

File Path                              PID    Runtime      # DAGs    # Errors  Last Runtime    Last Run               Last # of DB Queries
-------------------------------------  -----  ---------  --------  ----------  --------------  -------------------  ----------------------
/opt/airflow/dags/dss150p_pipeline.py                           1           0  0.55s           2026-09-22T17:17:46                      12
================================================================================
[2026-09-22T17:18:42.465+0000] {manager.py:997} INFO - 
================================================================================
DAG File Processing Stats

File Path                              PID    Runtime      # DAGs    # Errors  Last Runtime    Last Run               Last # of DB Queries
-------------------------------------  -----  ---------  --------  ----------  --------------  -------------------  ----------------------
/opt/airflow/dags/dss150p_pipeline.py                           1           0  0.47s           2026-09-22T17:18:17                      12
================================================================================
[2026-09-22T17:19:12.820+0000] {manager.py:997} INFO - 
================================================================================
DAG File Processing Stats

File Path                              PID    Runtime      # DAGs    # Errors  Last Runtime    Last Run               Last # of DB Queries
-------------------------------------  -----  ---------  --------  ----------  --------------  -------------------  ----------------------
/opt/airflow/dags/dss150p_pipeline.py                           1           0  0.57s           2026-09-22T17:18:48                      12
================================================================================
[2026-09-22T17:19:43.202+0000] {manager.py:997} INFO - 
================================================================================
DAG File Processing Stats

File Path                              PID    Runtime      # DAGs    # Errors  Last Runtime    Last Run               Last # of DB Queries
-------------------------------------  -----  ---------  --------  ----------  --------------  -------------------  ----------------------
/opt/airflow/dags/dss150p_pipeline.py                           1           0  0.52s           2026-09-22T17:19:18                      12
================================================================================
[2026-09-22T17:20:10.354+0000] {manager.py:821} INFO - Searching for files in /opt/airflow/dags
[2026-09-22T17:20:10.401+0000] {manager.py:824} INFO - There are 1 files in /opt/airflow/dags
[2026-09-22T17:20:13.506+0000] {manager.py:997} INFO - 
================================================================================
DAG File Processing Stats

File Path                              PID    Runtime      # DAGs    # Errors  Last Runtime    Last Run               Last # of DB Queries
-------------------------------------  -----  ---------  --------  ----------  --------------  -------------------  ----------------------
/opt/airflow/dags/dss150p_pipeline.py                           1           0  0.81s           2026-09-22T17:19:50                      12
================================================================================
[2026-09-22T17:20:44.000+0000] {manager.py:997} INFO - 
================================================================================
DAG File Processing Stats

File Path                              PID    Runtime      # DAGs    # Errors  Last Runtime    Last Run               Last # of DB Queries
-------------------------------------  -----  ---------  --------  ----------  --------------  -------------------  ----------------------
/opt/airflow/dags/dss150p_pipeline.py                           1           0  0.40s           2026-09-22T17:20:21                      12
================================================================================
[2026-09-22T17:21:14.607+0000] {manager.py:997} INFO - 
================================================================================
DAG File Processing Stats

File Path                              PID    Runtime      # DAGs    # Errors  Last Runtime    Last Run               Last # of DB Queries
-------------------------------------  -----  ---------  --------  ----------  --------------  -------------------  ----------------------
/opt/airflow/dags/dss150p_pipeline.py                           1           0  0.41s           2026-09-22T17:20:51                      12
================================================================================
[2026-09-22T17:21:45.112+0000] {manager.py:997} INFO - 
================================================================================
DAG File Processing Stats

File Path                              PID    Runtime      # DAGs    # Errors  Last Runtime    Last Run               Last # of DB Queries
-------------------------------------  -----  ---------  --------  ----------  --------------  -------------------  ----------------------
/opt/airflow/dags/dss150p_pipeline.py                           1           0  0.45s           2026-09-22T17:21:22                      12
================================================================================
[2026-09-22T17:22:15.782+0000] {manager.py:997} INFO - 
================================================================================
DAG File Processing Stats

File Path                              PID    Runtime      # DAGs    # Errors  Last Runtime    Last Run               Last # of DB Queries
-------------------------------------  -----  ---------  --------  ----------  --------------  -------------------  ----------------------
/opt/airflow/dags/dss150p_pipeline.py                           1           0  0.62s           2026-09-22T17:21:52                      12
================================================================================
[2026-09-22T17:22:46.400+0000] {manager.py:997} INFO - 
================================================================================
DAG File Processing Stats

File Path                              PID    Runtime      # DAGs    # Errors  Last Runtime    Last Run               Last # of DB Queries
-------------------------------------  -----  ---------  --------  ----------  --------------  -------------------  ----------------------
/opt/airflow/dags/dss150p_pipeline.py                           1           0  0.38s           2026-09-22T17:22:23                      12
================================================================================
[2026-09-22T17:23:16.850+0000] {manager.py:997} INFO - 
================================================================================
DAG File Processing Stats

File Path                              PID    Runtime      # DAGs    # Errors  Last Runtime    Last Run               Last # of DB Queries
-------------------------------------  -----  ---------  --------  ----------  --------------  -------------------  ----------------------
/opt/airflow/dags/dss150p_pipeline.py                           1           0  0.56s           2026-09-22T17:22:54                      12
================================================================================
[2026-09-22T17:23:47.211+0000] {manager.py:997} INFO - 
================================================================================
DAG File Processing Stats

File Path                              PID    Runtime      # DAGs    # Errors  Last Runtime    Last Run               Last # of DB Queries
-------------------------------------  -----  ---------  --------  ----------  --------------  -------------------  ----------------------
/opt/airflow/dags/dss150p_pipeline.py                           1           0  0.55s           2026-09-22T17:23:24                      12
================================================================================
[2026-09-22T17:24:17.588+0000] {manager.py:997} INFO - 
================================================================================
DAG File Processing Stats

File Path                              PID    Runtime      # DAGs    # Errors  Last Runtime    Last Run               Last # of DB Queries
-------------------------------------  -----  ---------  --------  ----------  --------------  -------------------  ----------------------
/opt/airflow/dags/dss150p_pipeline.py                           1           0  0.34s           2026-09-22T17:23:55                      12
================================================================================
[2026-09-22T17:24:48.205+0000] {manager.py:997} INFO - 
================================================================================
DAG File Processing Stats

File Path                              PID    Runtime      # DAGs    # Errors  Last Runtime    Last Run               Last # of DB Queries
-------------------------------------  -----  ---------  --------  ----------  --------------  -------------------  ----------------------
/opt/airflow/dags/dss150p_pipeline.py                           1           0  0.55s           2026-09-22T17:24:26                      12
================================================================================
[2026-09-22T17:25:10.751+0000] {manager.py:821} INFO - Searching for files in /opt/airflow/dags
[2026-09-22T17:25:10.821+0000] {manager.py:824} INFO - There are 1 files in /opt/airflow/dags
[2026-09-22T17:25:18.941+0000] {manager.py:997} INFO - 
================================================================================
DAG File Processing Stats

File Path                              PID    Runtime      # DAGs    # Errors  Last Runtime    Last Run               Last # of DB Queries
-------------------------------------  -----  ---------  --------  ----------  --------------  -------------------  ----------------------
/opt/airflow/dags/dss150p_pipeline.py                           1           0  0.44s           2026-09-22T17:24:56                      12
================================================================================
[2026-09-22T17:25:49.422+0000] {manager.py:997} INFO - 
================================================================================
DAG File Processing Stats

File Path                              PID    Runtime      # DAGs    # Errors  Last Runtime    Last Run               Last # of DB Queries
-------------------------------------  -----  ---------  --------  ----------  --------------  -------------------  ----------------------
/opt/airflow/dags/dss150p_pipeline.py                           1           0  0.36s           2026-09-22T17:25:27                      12
================================================================================
[2026-09-22T17:26:19.992+0000] {manager.py:997} INFO - 
================================================================================
DAG File Processing Stats

File Path                              PID    Runtime      # DAGs    # Errors  Last Runtime    Last Run               Last # of DB Queries
-------------------------------------  -----  ---------  --------  ----------  --------------  -------------------  ----------------------
/opt/airflow/dags/dss150p_pipeline.py                           1           0  0.34s           2026-09-22T17:25:57                      12
================================================================================
[2026-09-22T17:26:50.491+0000] {manager.py:997} INFO - 
================================================================================
DAG File Processing Stats

File Path                              PID    Runtime      # DAGs    # Errors  Last Runtime    Last Run               Last # of DB Queries
-------------------------------------  -----  ---------  --------  ----------  --------------  -------------------  ----------------------
/opt/airflow/dags/dss150p_pipeline.py                           1           0  0.35s           2026-09-22T17:26:28                      12
================================================================================
[2026-09-22T17:27:21.126+0000] {manager.py:997} INFO - 
================================================================================
DAG File Processing Stats

File Path                              PID    Runtime      # DAGs    # Errors  Last Runtime    Last Run               Last # of DB Queries
-------------------------------------  -----  ---------  --------  ----------  --------------  -------------------  ----------------------
/opt/airflow/dags/dss150p_pipeline.py                           1           0  0.38s           2026-09-22T17:26:58                      12
================================================================================
[2026-09-22T17:27:51.608+0000] {manager.py:997} INFO - 
================================================================================
DAG File Processing Stats

File Path                              PID    Runtime      # DAGs    # Errors  Last Runtime    Last Run               Last # of DB Queries
-------------------------------------  -----  ---------  --------  ----------  --------------  -------------------  ----------------------
/opt/airflow/dags/dss150p_pipeline.py                           1           0  0.31s           2026-09-22T17:27:29                      12
================================================================================
[2026-09-22T17:28:21.786+0000] {manager.py:997} INFO - 
================================================================================
DAG File Processing Stats

File Path                              PID    Runtime      # DAGs    # Errors  Last Runtime    Last Run               Last # of DB Queries
-------------------------------------  -----  ---------  --------  ----------  --------------  -------------------  ----------------------
/opt/airflow/dags/dss150p_pipeline.py                           1           0  0.80s           2026-09-22T17:28:00                      12
================================================================================
[2026-09-22T17:28:52.196+0000] {manager.py:997} INFO - 
================================================================================
DAG File Processing Stats

File Path                              PID    Runtime      # DAGs    # Errors  Last Runtime    Last Run               Last # of DB Queries
-------------------------------------  -----  ---------  --------  ----------  --------------  -------------------  ----------------------
/opt/airflow/dags/dss150p_pipeline.py                           1           0  1.35s           2026-09-22T17:28:32                      12
================================================================================
[2026-09-22T17:29:22.292+0000] {manager.py:997} INFO - 
================================================================================
DAG File Processing Stats

File Path                              PID    Runtime      # DAGs    # Errors  Last Runtime    Last Run               Last # of DB Queries
-------------------------------------  -----  ---------  --------  ----------  --------------  -------------------  ----------------------
/opt/airflow/dags/dss150p_pipeline.py                           1           0  0.51s           2026-09-22T17:29:03                      12
================================================================================
[2026-09-22T17:29:52.625+0000] {manager.py:997} INFO - 
================================================================================
DAG File Processing Stats

File Path                              PID    Runtime      # DAGs    # Errors  Last Runtime    Last Run               Last # of DB Queries
-------------------------------------  -----  ---------  --------  ----------  --------------  -------------------  ----------------------
/opt/airflow/dags/dss150p_pipeline.py                           1           0  0.34s           2026-09-22T17:29:33                      12
================================================================================
[2026-09-22T17:30:10.828+0000] {manager.py:821} INFO - Searching for files in /opt/airflow/dags
[2026-09-22T17:30:10.878+0000] {manager.py:824} INFO - There are 1 files in /opt/airflow/dags
[2026-09-22T17:30:23.090+0000] {manager.py:997} INFO - 
================================================================================
DAG File Processing Stats

File Path                              PID    Runtime      # DAGs    # Errors  Last Runtime    Last Run               Last # of DB Queries
-------------------------------------  -----  ---------  --------  ----------  --------------  -------------------  ----------------------
/opt/airflow/dags/dss150p_pipeline.py                           1           0  0.67s           2026-09-22T17:30:04                      12
================================================================================
[2026-09-22T17:30:53.482+0000] {manager.py:997} INFO - 
================================================================================
DAG File Processing Stats

File Path                              PID    Runtime      # DAGs    # Errors  Last Runtime    Last Run               Last # of DB Queries
-------------------------------------  -----  ---------  --------  ----------  --------------  -------------------  ----------------------
/opt/airflow/dags/dss150p_pipeline.py                           1           0  0.31s           2026-09-22T17:30:35                      12
================================================================================
[2026-09-22T17:31:24.095+0000] {manager.py:997} INFO - 
================================================================================
DAG File Processing Stats

File Path                              PID    Runtime      # DAGs    # Errors  Last Runtime    Last Run               Last # of DB Queries
-------------------------------------  -----  ---------  --------  ----------  --------------  -------------------  ----------------------
/opt/airflow/dags/dss150p_pipeline.py                           1           0  0.51s           2026-09-22T17:31:06                      12
================================================================================
[2026-09-22T17:31:54.619+0000] {manager.py:997} INFO - 
================================================================================
DAG File Processing Stats

File Path                              PID    Runtime      # DAGs    # Errors  Last Runtime    Last Run               Last # of DB Queries
-------------------------------------  -----  ---------  --------  ----------  --------------  -------------------  ----------------------
/opt/airflow/dags/dss150p_pipeline.py                           1           0  0.55s           2026-09-22T17:31:36                      12
================================================================================
[2026-09-22T17:32:25.305+0000] {manager.py:997} INFO - 
================================================================================
DAG File Processing Stats

File Path                              PID    Runtime      # DAGs    # Errors  Last Runtime    Last Run               Last # of DB Queries
-------------------------------------  -----  ---------  --------  ----------  --------------  -------------------  ----------------------
/opt/airflow/dags/dss150p_pipeline.py                           1           0  0.29s           2026-09-22T17:32:07                      12
================================================================================
[2026-09-22T17:32:55.984+0000] {manager.py:997} INFO - 
================================================================================
DAG File Processing Stats

File Path                              PID    Runtime      # DAGs    # Errors  Last Runtime    Last Run               Last # of DB Queries
-------------------------------------  -----  ---------  --------  ----------  --------------  -------------------  ----------------------
/opt/airflow/dags/dss150p_pipeline.py                           1           0  0.47s           2026-09-22T17:32:37                      12
================================================================================
[2026-09-22T17:33:26.476+0000] {manager.py:997} INFO - 
================================================================================
DAG File Processing Stats

File Path                              PID    Runtime      # DAGs    # Errors  Last Runtime    Last Run               Last # of DB Queries
-------------------------------------  -----  ---------  --------  ----------  --------------  -------------------  ----------------------
/opt/airflow/dags/dss150p_pipeline.py                           1           0  0.38s           2026-09-22T17:33:08                      12
================================================================================
[2026-09-22T17:33:57.181+0000] {manager.py:997} INFO - 
================================================================================
DAG File Processing Stats

File Path                              PID    Runtime      # DAGs    # Errors  Last Runtime    Last Run               Last # of DB Queries
-------------------------------------  -----  ---------  --------  ----------  --------------  -------------------  ----------------------
/opt/airflow/dags/dss150p_pipeline.py                           1           0  0.40s           2026-09-22T17:33:39                      12
================================================================================
[2026-09-22T17:34:27.637+0000] {manager.py:997} INFO - 
================================================================================
DAG File Processing Stats

File Path                              PID    Runtime      # DAGs    # Errors  Last Runtime    Last Run               Last # of DB Queries
-------------------------------------  -----  ---------  --------  ----------  --------------  -------------------  ----------------------
/opt/airflow/dags/dss150p_pipeline.py                           1           0  0.48s           2026-09-22T17:34:09                      12
================================================================================
[2026-09-22T17:34:58.023+0000] {manager.py:997} INFO - 
================================================================================
DAG File Processing Stats

File Path                              PID    Runtime      # DAGs    # Errors  Last Runtime    Last Run               Last # of DB Queries
-------------------------------------  -----  ---------  --------  ----------  --------------  -------------------  ----------------------
/opt/airflow/dags/dss150p_pipeline.py                           1           0  0.51s           2026-09-22T17:34:40                      12
================================================================================
[2026-09-22T17:35:11.178+0000] {manager.py:821} INFO - Searching for files in /opt/airflow/dags
[2026-09-22T17:35:11.224+0000] {manager.py:824} INFO - There are 1 files in /opt/airflow/dags
[2026-09-22T17:35:28.518+0000] {manager.py:997} INFO - 
================================================================================
DAG File Processing Stats

File Path                              PID    Runtime      # DAGs    # Errors  Last Runtime    Last Run               Last # of DB Queries
-------------------------------------  -----  ---------  --------  ----------  --------------  -------------------  ----------------------
/opt/airflow/dags/dss150p_pipeline.py                           1           0  0.41s           2026-09-22T17:35:11                      12
================================================================================
[2026-09-22T17:35:58.555+0000] {manager.py:997} INFO - 
================================================================================
DAG File Processing Stats

File Path                              PID    Runtime      # DAGs    # Errors  Last Runtime    Last Run               Last # of DB Queries
-------------------------------------  -----  ---------  --------  ----------  --------------  -------------------  ----------------------
/opt/airflow/dags/dss150p_pipeline.py                           1           0  0.30s           2026-09-22T17:35:42                      12
================================================================================
[2026-09-22T17:36:29.192+0000] {manager.py:997} INFO - 
================================================================================
DAG File Processing Stats

File Path                              PID    Runtime      # DAGs    # Errors  Last Runtime    Last Run               Last # of DB Queries
-------------------------------------  -----  ---------  --------  ----------  --------------  -------------------  ----------------------
/opt/airflow/dags/dss150p_pipeline.py                           1           0  0.43s           2026-09-22T17:36:12                      12
================================================================================
[2026-09-22T17:36:59.424+0000] {manager.py:997} INFO - 
================================================================================
DAG File Processing Stats

File Path                              PID    Runtime      # DAGs    # Errors  Last Runtime    Last Run               Last # of DB Queries
-------------------------------------  -----  ---------  --------  ----------  --------------  -------------------  ----------------------
/opt/airflow/dags/dss150p_pipeline.py                           1           0  1.76s           2026-09-22T17:36:45                      12
================================================================================
[2026-09-22T17:37:30.166+0000] {manager.py:997} INFO - 
================================================================================
DAG File Processing Stats

File Path                              PID    Runtime      # DAGs    # Errors  Last Runtime    Last Run               Last # of DB Queries
-------------------------------------  -----  ---------  --------  ----------  --------------  -------------------  ----------------------
/opt/airflow/dags/dss150p_pipeline.py                           1           0  0.48s           2026-09-22T17:37:16                      12
================================================================================
[2026-09-22T19:37:20.961+0000] {manager.py:821} INFO - Searching for files in /opt/airflow/dags
[2026-09-22T19:37:21.164+0000] {manager.py:824} INFO - There are 1 files in /opt/airflow/dags
[2026-09-22T19:37:22.672+0000] {manager.py:997} INFO - 
================================================================================
DAG File Processing Stats

File Path                                PID  Runtime      # DAGs    # Errors  Last Runtime    Last Run               Last # of DB Queries
-------------------------------------  -----  ---------  --------  ----------  --------------  -------------------  ----------------------
/opt/airflow/dags/dss150p_pipeline.py    392  0.26s             1           0  0.76s           2026-09-22T17:37:47                      12
================================================================================
[2026-09-23T00:05:40.085+0000] {manager.py:821} INFO - Searching for files in /opt/airflow/dags
[2026-09-23T00:05:42.323+0000] {manager.py:824} INFO - There are 1 files in /opt/airflow/dags
[2026-09-23T00:06:02.907+0000] {manager.py:997} INFO - 
================================================================================
DAG File Processing Stats

File Path                              PID    Runtime      # DAGs    # Errors  Last Runtime    Last Run               Last # of DB Queries
-------------------------------------  -----  ---------  --------  ----------  --------------  -------------------  ----------------------
/opt/airflow/dags/dss150p_pipeline.py                           1           0  5.13s           2026-09-23T00:05:49                      12
================================================================================
[2026-09-23T00:06:34.124+0000] {manager.py:997} INFO - 
================================================================================
DAG File Processing Stats

File Path                              PID    Runtime      # DAGs    # Errors  Last Runtime    Last Run               Last # of DB Queries
-------------------------------------  -----  ---------  --------  ----------  --------------  -------------------  ----------------------
/opt/airflow/dags/dss150p_pipeline.py                           1           0  0.92s           2026-09-23T00:06:20                      12
================================================================================
[2026-09-23T00:07:04.245+0000] {manager.py:997} INFO - 
================================================================================
DAG File Processing Stats

File Path                              PID    Runtime      # DAGs    # Errors  Last Runtime    Last Run               Last # of DB Queries
-------------------------------------  -----  ---------  --------  ----------  --------------  -------------------  ----------------------
/opt/airflow/dags/dss150p_pipeline.py                           1           0  0.78s           2026-09-23T00:06:52                      12
================================================================================
[2026-09-23T00:07:34.458+0000] {manager.py:997} INFO - 
================================================================================
DAG File Processing Stats

File Path                              PID    Runtime      # DAGs    # Errors  Last Runtime    Last Run               Last # of DB Queries
-------------------------------------  -----  ---------  --------  ----------  --------------  -------------------  ----------------------
/opt/airflow/dags/dss150p_pipeline.py                           1           0  0.69s           2026-09-23T00:07:23                      12
================================================================================
[2026-09-23T00:08:04.945+0000] {manager.py:997} INFO - 
================================================================================
DAG File Processing Stats

File Path                              PID    Runtime      # DAGs    # Errors  Last Runtime    Last Run               Last # of DB Queries
-------------------------------------  -----  ---------  --------  ----------  --------------  -------------------  ----------------------
/opt/airflow/dags/dss150p_pipeline.py                           1           0  0.36s           2026-09-23T00:07:54                      12
================================================================================
[2026-09-23T00:08:35.165+0000] {manager.py:997} INFO - 
================================================================================
DAG File Processing Stats

File Path                              PID    Runtime      # DAGs    # Errors  Last Runtime    Last Run               Last # of DB Queries
-------------------------------------  -----  ---------  --------  ----------  --------------  -------------------  ----------------------
/opt/airflow/dags/dss150p_pipeline.py                           1           0  0.75s           2026-09-23T00:08:25                      12
================================================================================
[2026-09-23T00:09:05.616+0000] {manager.py:997} INFO - 
================================================================================
DAG File Processing Stats

File Path                              PID    Runtime      # DAGs    # Errors  Last Runtime    Last Run               Last # of DB Queries
-------------------------------------  -----  ---------  --------  ----------  --------------  -------------------  ----------------------
/opt/airflow/dags/dss150p_pipeline.py                           1           0  0.62s           2026-09-23T00:08:55                      12
================================================================================
[2026-09-23T00:09:35.903+0000] {manager.py:997} INFO - 
================================================================================
DAG File Processing Stats

File Path                              PID    Runtime      # DAGs    # Errors  Last Runtime    Last Run               Last # of DB Queries
-------------------------------------  -----  ---------  --------  ----------  --------------  -------------------  ----------------------
/opt/airflow/dags/dss150p_pipeline.py                           1           0  0.84s           2026-09-23T00:09:26                      12
================================================================================
[2026-09-23T00:10:06.003+0000] {manager.py:997} INFO - 
================================================================================
DAG File Processing Stats

File Path                              PID    Runtime      # DAGs    # Errors  Last Runtime    Last Run               Last # of DB Queries
-------------------------------------  -----  ---------  --------  ----------  --------------  -------------------  ----------------------
/opt/airflow/dags/dss150p_pipeline.py                           1           0  0.68s           2026-09-23T00:09:57                      12
================================================================================
[2026-09-23T00:10:36.100+0000] {manager.py:997} INFO - 
================================================================================
DAG File Processing Stats

File Path                              PID    Runtime      # DAGs    # Errors  Last Runtime    Last Run               Last # of DB Queries
-------------------------------------  -----  ---------  --------  ----------  --------------  -------------------  ----------------------
/opt/airflow/dags/dss150p_pipeline.py                           1           0  0.63s           2026-09-23T00:10:28                      12
================================================================================
[2026-09-23T00:10:40.164+0000] {manager.py:821} INFO - Searching for files in /opt/airflow/dags
[2026-09-23T00:10:40.243+0000] {manager.py:824} INFO - There are 1 files in /opt/airflow/dags
[2026-09-23T00:11:06.489+0000] {manager.py:997} INFO - 
================================================================================
DAG File Processing Stats

File Path                              PID    Runtime      # DAGs    # Errors  Last Runtime    Last Run               Last # of DB Queries
-------------------------------------  -----  ---------  --------  ----------  --------------  -------------------  ----------------------
/opt/airflow/dags/dss150p_pipeline.py                           1           0  0.70s           2026-09-23T00:11:00                      12
================================================================================
[2026-09-23T00:11:37.191+0000] {manager.py:997} INFO - 
================================================================================
DAG File Processing Stats

File Path                              PID    Runtime      # DAGs    # Errors  Last Runtime    Last Run               Last # of DB Queries
-------------------------------------  -----  ---------  --------  ----------  --------------  -------------------  ----------------------
/opt/airflow/dags/dss150p_pipeline.py                           1           0  0.34s           2026-09-23T00:11:31                      12
================================================================================
[2026-09-23T00:12:07.649+0000] {manager.py:997} INFO - 
================================================================================
DAG File Processing Stats

File Path                              PID    Runtime      # DAGs    # Errors  Last Runtime    Last Run               Last # of DB Queries
-------------------------------------  -----  ---------  --------  ----------  --------------  -------------------  ----------------------
/opt/airflow/dags/dss150p_pipeline.py                           1           0  0.22s           2026-09-23T00:12:01                      12
================================================================================
[2026-09-23T00:12:38.023+0000] {manager.py:997} INFO - 
================================================================================
DAG File Processing Stats

File Path                              PID    Runtime      # DAGs    # Errors  Last Runtime    Last Run               Last # of DB Queries
-------------------------------------  -----  ---------  --------  ----------  --------------  -------------------  ----------------------
/opt/airflow/dags/dss150p_pipeline.py                           1           0  0.98s           2026-09-23T00:12:17                      34
================================================================================
[2026-09-23T00:13:08.555+0000] {manager.py:997} INFO - 
================================================================================
DAG File Processing Stats

File Path                              PID    Runtime      # DAGs    # Errors  Last Runtime    Last Run               Last # of DB Queries
-------------------------------------  -----  ---------  --------  ----------  --------------  -------------------  ----------------------
/opt/airflow/dags/dss150p_pipeline.py                           1           0  1.03s           2026-09-23T00:12:49                      12
================================================================================
[2026-09-23T00:13:38.676+0000] {manager.py:997} INFO - 
================================================================================
DAG File Processing Stats

File Path                              PID    Runtime      # DAGs    # Errors  Last Runtime    Last Run               Last # of DB Queries
-------------------------------------  -----  ---------  --------  ----------  --------------  -------------------  ----------------------
/opt/airflow/dags/dss150p_pipeline.py                           1           0  2.85s           2026-09-23T00:13:23                      12
================================================================================
[2026-09-23T00:14:09.520+0000] {manager.py:997} INFO - 
================================================================================
DAG File Processing Stats

File Path                              PID    Runtime      # DAGs    # Errors  Last Runtime    Last Run               Last # of DB Queries
-------------------------------------  -----  ---------  --------  ----------  --------------  -------------------  ----------------------
/opt/airflow/dags/dss150p_pipeline.py                           1           0  2.57s           2026-09-23T00:13:56                      12
================================================================================
[2026-09-23T00:14:39.573+0000] {manager.py:997} INFO - 
================================================================================
DAG File Processing Stats

File Path                              PID    Runtime      # DAGs    # Errors  Last Runtime    Last Run               Last # of DB Queries
-------------------------------------  -----  ---------  --------  ----------  --------------  -------------------  ----------------------
/opt/airflow/dags/dss150p_pipeline.py                           1           0  1.57s           2026-09-23T00:14:29                      12
================================================================================
[2026-09-23T00:15:09.966+0000] {manager.py:997} INFO - 
================================================================================
DAG File Processing Stats

File Path                              PID    Runtime      # DAGs    # Errors  Last Runtime    Last Run               Last # of DB Queries
-------------------------------------  -----  ---------  --------  ----------  --------------  -------------------  ----------------------
/opt/airflow/dags/dss150p_pipeline.py                           1           0  0.47s           2026-09-23T00:15:00                      12
================================================================================
[2026-09-23T00:15:40.400+0000] {manager.py:821} INFO - Searching for files in /opt/airflow/dags
[2026-09-23T00:15:40.508+0000] {manager.py:824} INFO - There are 1 files in /opt/airflow/dags
[2026-09-23T00:15:40.605+0000] {manager.py:997} INFO - 
================================================================================
DAG File Processing Stats

File Path                              PID    Runtime      # DAGs    # Errors  Last Runtime    Last Run               Last # of DB Queries
-------------------------------------  -----  ---------  --------  ----------  --------------  -------------------  ----------------------
/opt/airflow/dags/dss150p_pipeline.py                           1           0  0.64s           2026-09-23T00:15:31                      12
================================================================================
[2026-09-23T00:16:11.162+0000] {manager.py:997} INFO - 
================================================================================
DAG File Processing Stats

File Path                              PID    Runtime      # DAGs    # Errors  Last Runtime    Last Run               Last # of DB Queries
-------------------------------------  -----  ---------  --------  ----------  --------------  -------------------  ----------------------
/opt/airflow/dags/dss150p_pipeline.py                           1           0  3.04s           2026-09-23T00:16:05                      12
================================================================================
[2026-09-23T00:16:41.203+0000] {manager.py:997} INFO - 
================================================================================
DAG File Processing Stats

File Path                              PID    Runtime      # DAGs    # Errors  Last Runtime    Last Run               Last # of DB Queries
-------------------------------------  -----  ---------  --------  ----------  --------------  -------------------  ----------------------
/opt/airflow/dags/dss150p_pipeline.py                           1           0  0.68s           2026-09-23T00:16:36                      12
================================================================================
[2026-09-23T00:17:11.577+0000] {manager.py:997} INFO - 
================================================================================
DAG File Processing Stats

File Path                              PID    Runtime      # DAGs    # Errors  Last Runtime    Last Run               Last # of DB Queries
-------------------------------------  -----  ---------  --------  ----------  --------------  -------------------  ----------------------
/opt/airflow/dags/dss150p_pipeline.py                           1           0  0.30s           2026-09-23T00:17:06                      12
================================================================================
[2026-09-23T00:17:42.026+0000] {manager.py:997} INFO - 
================================================================================
DAG File Processing Stats

File Path                              PID    Runtime      # DAGs    # Errors  Last Runtime    Last Run               Last # of DB Queries
-------------------------------------  -----  ---------  --------  ----------  --------------  -------------------  ----------------------
/opt/airflow/dags/dss150p_pipeline.py                           1           0  0.46s           2026-09-23T00:17:37                      12
================================================================================
[2026-09-23T00:18:12.141+0000] {manager.py:997} INFO - 
================================================================================
DAG File Processing Stats

File Path                              PID    Runtime      # DAGs    # Errors  Last Runtime    Last Run               Last # of DB Queries
-------------------------------------  -----  ---------  --------  ----------  --------------  -------------------  ----------------------
/opt/airflow/dags/dss150p_pipeline.py                           1           0  0.38s           2026-09-23T00:18:08                      12
================================================================================
[2026-09-23T00:18:42.199+0000] {manager.py:997} INFO - 
================================================================================
DAG File Processing Stats

File Path                              PID    Runtime      # DAGs    # Errors  Last Runtime    Last Run               Last # of DB Queries
-------------------------------------  -----  ---------  --------  ----------  --------------  -------------------  ----------------------
/opt/airflow/dags/dss150p_pipeline.py                           1           0  0.64s           2026-09-23T00:18:39                      12
================================================================================
[2026-09-23T00:19:12.599+0000] {manager.py:997} INFO - 
================================================================================
DAG File Processing Stats

File Path                              PID    Runtime      # DAGs    # Errors  Last Runtime    Last Run               Last # of DB Queries
-------------------------------------  -----  ---------  --------  ----------  --------------  -------------------  ----------------------
/opt/airflow/dags/dss150p_pipeline.py                           1           0  2.96s           2026-09-23T00:19:12                      12
================================================================================
[2026-09-23T00:19:43.298+0000] {manager.py:997} INFO - 
================================================================================
DAG File Processing Stats

File Path                                PID  Runtime      # DAGs    # Errors  Last Runtime    Last Run               Last # of DB Queries
-------------------------------------  -----  ---------  --------  ----------  --------------  -------------------  ----------------------
/opt/airflow/dags/dss150p_pipeline.py    556  0.18s             1           0  2.96s           2026-09-23T00:19:12                      12
================================================================================
[2026-09-23T00:20:13.953+0000] {manager.py:997} INFO - 
================================================================================
DAG File Processing Stats

File Path                              PID    Runtime      # DAGs    # Errors  Last Runtime    Last Run               Last # of DB Queries
-------------------------------------  -----  ---------  --------  ----------  --------------  -------------------  ----------------------
/opt/airflow/dags/dss150p_pipeline.py                           1           0  1.60s           2026-09-23T00:19:44                      12
================================================================================
[2026-09-23T00:20:40.428+0000] {manager.py:821} INFO - Searching for files in /opt/airflow/dags
[2026-09-23T00:20:40.494+0000] {manager.py:824} INFO - There are 1 files in /opt/airflow/dags
[2026-09-23T00:20:44.322+0000] {manager.py:997} INFO - 
================================================================================
DAG File Processing Stats

File Path                              PID    Runtime      # DAGs    # Errors  Last Runtime    Last Run               Last # of DB Queries
-------------------------------------  -----  ---------  --------  ----------  --------------  -------------------  ----------------------
/opt/airflow/dags/dss150p_pipeline.py                           1           0  0.99s           2026-09-23T00:20:15                      12
================================================================================
[2026-09-23T00:21:14.978+0000] {manager.py:997} INFO - 
================================================================================
DAG File Processing Stats

File Path                              PID    Runtime      # DAGs    # Errors  Last Runtime    Last Run               Last # of DB Queries
-------------------------------------  -----  ---------  --------  ----------  --------------  -------------------  ----------------------
/opt/airflow/dags/dss150p_pipeline.py                           1           0  0.42s           2026-09-23T00:20:46                      12
================================================================================
[2026-09-23T00:21:45.469+0000] {manager.py:997} INFO - 
================================================================================
DAG File Processing Stats

File Path                              PID    Runtime      # DAGs    # Errors  Last Runtime    Last Run               Last # of DB Queries
-------------------------------------  -----  ---------  --------  ----------  --------------  -------------------  ----------------------
/opt/airflow/dags/dss150p_pipeline.py                           1           0  1.24s           2026-09-23T00:21:18                      12
================================================================================
[2026-09-23T00:22:15.827+0000] {manager.py:997} INFO - 
================================================================================
DAG File Processing Stats

File Path                              PID    Runtime      # DAGs    # Errors  Last Runtime    Last Run               Last # of DB Queries
-------------------------------------  -----  ---------  --------  ----------  --------------  -------------------  ----------------------
/opt/airflow/dags/dss150p_pipeline.py                           1           0  0.89s           2026-09-23T00:21:49                      12
================================================================================
[2026-09-23T00:22:46.420+0000] {manager.py:997} INFO - 
================================================================================
DAG File Processing Stats

File Path                              PID    Runtime      # DAGs    # Errors  Last Runtime    Last Run               Last # of DB Queries
-------------------------------------  -----  ---------  --------  ----------  --------------  -------------------  ----------------------
/opt/airflow/dags/dss150p_pipeline.py                           1           0  0.61s           2026-09-23T00:22:20                      12
================================================================================
[2026-09-23T00:23:16.910+0000] {manager.py:997} INFO - 
================================================================================
DAG File Processing Stats

File Path                              PID    Runtime      # DAGs    # Errors  Last Runtime    Last Run               Last # of DB Queries
-------------------------------------  -----  ---------  --------  ----------  --------------  -------------------  ----------------------
/opt/airflow/dags/dss150p_pipeline.py                           1           0  0.25s           2026-09-23T00:22:50                      12
================================================================================
[2026-09-23T00:23:47.657+0000] {manager.py:997} INFO - 
================================================================================
DAG File Processing Stats

File Path                              PID    Runtime      # DAGs    # Errors  Last Runtime    Last Run               Last # of DB Queries
-------------------------------------  -----  ---------  --------  ----------  --------------  -------------------  ----------------------
/opt/airflow/dags/dss150p_pipeline.py                           1           0  0.41s           2026-09-23T00:23:21                      12
================================================================================
[2026-09-23T00:24:18.053+0000] {manager.py:997} INFO - 
================================================================================
DAG File Processing Stats

File Path                              PID    Runtime      # DAGs    # Errors  Last Runtime    Last Run               Last # of DB Queries
-------------------------------------  -----  ---------  --------  ----------  --------------  -------------------  ----------------------
/opt/airflow/dags/dss150p_pipeline.py                           1           0  0.88s           2026-09-23T00:23:52                      12
================================================================================
[2026-09-23T00:24:48.485+0000] {manager.py:997} INFO - 
================================================================================
DAG File Processing Stats

File Path                              PID    Runtime      # DAGs    # Errors  Last Runtime    Last Run               Last # of DB Queries
-------------------------------------  -----  ---------  --------  ----------  --------------  -------------------  ----------------------
/opt/airflow/dags/dss150p_pipeline.py                           1           0  0.86s           2026-09-23T00:24:24                      12
================================================================================
[2026-09-23T00:25:19.057+0000] {manager.py:997} INFO - 
================================================================================
DAG File Processing Stats

File Path                              PID    Runtime      # DAGs    # Errors  Last Runtime    Last Run               Last # of DB Queries
-------------------------------------  -----  ---------  --------  ----------  --------------  -------------------  ----------------------
/opt/airflow/dags/dss150p_pipeline.py                           1           0  0.48s           2026-09-23T00:24:55                      12
================================================================================
[2026-09-23T00:25:40.736+0000] {manager.py:821} INFO - Searching for files in /opt/airflow/dags
[2026-09-23T00:25:40.805+0000] {manager.py:824} INFO - There are 1 files in /opt/airflow/dags
[2026-09-23T00:25:49.967+0000] {manager.py:997} INFO - 
================================================================================
DAG File Processing Stats

File Path                              PID    Runtime      # DAGs    # Errors  Last Runtime    Last Run               Last # of DB Queries
-------------------------------------  -----  ---------  --------  ----------  --------------  -------------------  ----------------------
/opt/airflow/dags/dss150p_pipeline.py                           1           0  0.49s           2026-09-23T00:25:25                      12
================================================================================
[2026-09-23T00:26:20.391+0000] {manager.py:997} INFO - 
================================================================================
DAG File Processing Stats

File Path                              PID    Runtime      # DAGs    # Errors  Last Runtime    Last Run               Last # of DB Queries
-------------------------------------  -----  ---------  --------  ----------  --------------  -------------------  ----------------------
/opt/airflow/dags/dss150p_pipeline.py                           1           0  0.39s           2026-09-23T00:25:56                      12
================================================================================
[2026-09-23T00:26:51.159+0000] {manager.py:997} INFO - 
================================================================================
DAG File Processing Stats

File Path                              PID    Runtime      # DAGs    # Errors  Last Runtime    Last Run               Last # of DB Queries
-------------------------------------  -----  ---------  --------  ----------  --------------  -------------------  ----------------------
/opt/airflow/dags/dss150p_pipeline.py                           1           0  0.43s           2026-09-23T00:26:26                      12
================================================================================
[2026-09-23T00:27:21.738+0000] {manager.py:997} INFO - 
================================================================================
DAG File Processing Stats

File Path                              PID    Runtime      # DAGs    # Errors  Last Runtime    Last Run               Last # of DB Queries
-------------------------------------  -----  ---------  --------  ----------  --------------  -------------------  ----------------------
/opt/airflow/dags/dss150p_pipeline.py                           1           0  0.42s           2026-09-23T00:26:57                      12
================================================================================
[2026-09-23T00:27:52.492+0000] {manager.py:997} INFO - 
================================================================================
DAG File Processing Stats

File Path                              PID    Runtime      # DAGs    # Errors  Last Runtime    Last Run               Last # of DB Queries
-------------------------------------  -----  ---------  --------  ----------  --------------  -------------------  ----------------------
/opt/airflow/dags/dss150p_pipeline.py                           1           0  0.54s           2026-09-23T00:27:28                      12
================================================================================
[2026-09-23T00:28:23.166+0000] {manager.py:997} INFO - 
================================================================================
DAG File Processing Stats

File Path                              PID    Runtime      # DAGs    # Errors  Last Runtime    Last Run               Last # of DB Queries
-------------------------------------  -----  ---------  --------  ----------  --------------  -------------------  ----------------------
/opt/airflow/dags/dss150p_pipeline.py                           1           0  0.51s           2026-09-23T00:27:59                      12
================================================================================
[2026-09-23T00:28:53.855+0000] {manager.py:997} INFO - 
================================================================================
DAG File Processing Stats

File Path                              PID    Runtime      # DAGs    # Errors  Last Runtime    Last Run               Last # of DB Queries
-------------------------------------  -----  ---------  --------  ----------  --------------  -------------------  ----------------------
/opt/airflow/dags/dss150p_pipeline.py                           1           0  0.49s           2026-09-23T00:28:29                      12
================================================================================
[2026-09-23T00:29:24.518+0000] {manager.py:997} INFO - 
================================================================================
DAG File Processing Stats

File Path                              PID    Runtime      # DAGs    # Errors  Last Runtime    Last Run               Last # of DB Queries
-------------------------------------  -----  ---------  --------  ----------  --------------  -------------------  ----------------------
/opt/airflow/dags/dss150p_pipeline.py                           1           0  0.39s           2026-09-23T00:29:00                      12
================================================================================
[2026-09-23T00:29:55.023+0000] {manager.py:997} INFO - 
================================================================================
DAG File Processing Stats

File Path                              PID    Runtime      # DAGs    # Errors  Last Runtime    Last Run               Last # of DB Queries
-------------------------------------  -----  ---------  --------  ----------  --------------  -------------------  ----------------------
/opt/airflow/dags/dss150p_pipeline.py                           1           0  0.48s           2026-09-23T00:29:31                      12
================================================================================
[2026-09-23T00:30:25.475+0000] {manager.py:997} INFO - 
================================================================================
DAG File Processing Stats

File Path                              PID    Runtime      # DAGs    # Errors  Last Runtime    Last Run               Last # of DB Queries
-------------------------------------  -----  ---------  --------  ----------  --------------  -------------------  ----------------------
/opt/airflow/dags/dss150p_pipeline.py                           1           0  0.98s           2026-09-23T00:30:02                      12
================================================================================
[2026-09-23T00:30:41.174+0000] {manager.py:821} INFO - Searching for files in /opt/airflow/dags
[2026-09-23T00:30:41.452+0000] {manager.py:824} INFO - There are 1 files in /opt/airflow/dags
[2026-09-23T00:30:56.253+0000] {manager.py:997} INFO - 
================================================================================
DAG File Processing Stats

File Path                              PID    Runtime      # DAGs    # Errors  Last Runtime    Last Run               Last # of DB Queries
-------------------------------------  -----  ---------  --------  ----------  --------------  -------------------  ----------------------
/opt/airflow/dags/dss150p_pipeline.py                           1           0  1.18s           2026-09-23T00:30:34                      12
================================================================================
[2026-09-23T00:31:27.026+0000] {manager.py:997} INFO - 
================================================================================
DAG File Processing Stats

File Path                              PID    Runtime      # DAGs    # Errors  Last Runtime    Last Run               Last # of DB Queries
-------------------------------------  -----  ---------  --------  ----------  --------------  -------------------  ----------------------
/opt/airflow/dags/dss150p_pipeline.py                           1           0  1.47s           2026-09-23T00:31:05                      12
================================================================================
[2026-09-23T00:31:57.696+0000] {manager.py:997} INFO - 
================================================================================
DAG File Processing Stats

File Path                              PID    Runtime      # DAGs    # Errors  Last Runtime    Last Run               Last # of DB Queries
-------------------------------------  -----  ---------  --------  ----------  --------------  -------------------  ----------------------
/opt/airflow/dags/dss150p_pipeline.py                           1           0  0.63s           2026-09-23T00:31:36                      12
================================================================================
[2026-09-23T00:32:27.745+0000] {manager.py:997} INFO - 
================================================================================
DAG File Processing Stats

File Path                              PID    Runtime      # DAGs    # Errors  Last Runtime    Last Run               Last # of DB Queries
-------------------------------------  -----  ---------  --------  ----------  --------------  -------------------  ----------------------
/opt/airflow/dags/dss150p_pipeline.py                           1           0  0.59s           2026-09-23T00:32:07                      12
================================================================================
[2026-09-23T00:32:58.221+0000] {manager.py:997} INFO - 
================================================================================
DAG File Processing Stats

File Path                              PID    Runtime      # DAGs    # Errors  Last Runtime    Last Run               Last # of DB Queries
-------------------------------------  -----  ---------  --------  ----------  --------------  -------------------  ----------------------
/opt/airflow/dags/dss150p_pipeline.py                           1           0  0.41s           2026-09-23T00:32:38                      12
================================================================================
[2026-09-23T00:33:28.839+0000] {manager.py:997} INFO - 
================================================================================
DAG File Processing Stats

File Path                              PID    Runtime      # DAGs    # Errors  Last Runtime    Last Run               Last # of DB Queries
-------------------------------------  -----  ---------  --------  ----------  --------------  -------------------  ----------------------
/opt/airflow/dags/dss150p_pipeline.py                           1           0  0.83s           2026-09-23T00:33:09                      12
================================================================================
[2026-09-23T00:33:59.028+0000] {manager.py:997} INFO - 
================================================================================
DAG File Processing Stats

File Path                              PID    Runtime      # DAGs    # Errors  Last Runtime    Last Run               Last # of DB Queries
-------------------------------------  -----  ---------  --------  ----------  --------------  -------------------  ----------------------
/opt/airflow/dags/dss150p_pipeline.py                           1           0  0.71s           2026-09-23T00:33:40                      12
================================================================================
[2026-09-23T00:34:29.816+0000] {manager.py:997} INFO - 
================================================================================
DAG File Processing Stats

File Path                              PID    Runtime      # DAGs    # Errors  Last Runtime    Last Run               Last # of DB Queries
-------------------------------------  -----  ---------  --------  ----------  --------------  -------------------  ----------------------
/opt/airflow/dags/dss150p_pipeline.py                           1           0  1.11s           2026-09-23T00:34:12                      12
================================================================================
[2026-09-23T00:35:00.284+0000] {manager.py:997} INFO - 
================================================================================
DAG File Processing Stats

File Path                              PID    Runtime      # DAGs    # Errors  Last Runtime    Last Run               Last # of DB Queries
-------------------------------------  -----  ---------  --------  ----------  --------------  -------------------  ----------------------
/opt/airflow/dags/dss150p_pipeline.py                           1           0  0.82s           2026-09-23T00:34:43                      12
================================================================================
[2026-09-23T00:35:30.729+0000] {manager.py:997} INFO - 
================================================================================
DAG File Processing Stats

File Path                              PID    Runtime      # DAGs    # Errors  Last Runtime    Last Run               Last # of DB Queries
-------------------------------------  -----  ---------  --------  ----------  --------------  -------------------  ----------------------
/opt/airflow/dags/dss150p_pipeline.py                           1           0  0.51s           2026-09-23T00:35:14                      12
================================================================================
[2026-09-23T00:35:41.400+0000] {manager.py:821} INFO - Searching for files in /opt/airflow/dags
[2026-09-23T00:35:41.485+0000] {manager.py:824} INFO - There are 1 files in /opt/airflow/dags
[2026-09-23T00:36:01.080+0000] {manager.py:997} INFO - 
================================================================================
DAG File Processing Stats

File Path                              PID    Runtime      # DAGs    # Errors  Last Runtime    Last Run               Last # of DB Queries
-------------------------------------  -----  ---------  --------  ----------  --------------  -------------------  ----------------------
/opt/airflow/dags/dss150p_pipeline.py                           1           0  0.61s           2026-09-23T00:35:46                      12
================================================================================
[2026-09-23T00:36:31.209+0000] {manager.py:997} INFO - 
================================================================================
DAG File Processing Stats

File Path                              PID    Runtime      # DAGs    # Errors  Last Runtime    Last Run               Last # of DB Queries
-------------------------------------  -----  ---------  --------  ----------  --------------  -------------------  ----------------------
/opt/airflow/dags/dss150p_pipeline.py                           1           0  0.75s           2026-09-23T00:36:17                      12
================================================================================
[2026-09-23T00:37:01.250+0000] {manager.py:997} INFO - 
================================================================================
DAG File Processing Stats

File Path                              PID    Runtime      # DAGs    # Errors  Last Runtime    Last Run               Last # of DB Queries
-------------------------------------  -----  ---------  --------  ----------  --------------  -------------------  ----------------------
/opt/airflow/dags/dss150p_pipeline.py                           1           0  0.27s           2026-09-23T00:36:47                      12
================================================================================
[2026-09-23T00:37:31.635+0000] {manager.py:997} INFO - 
================================================================================
DAG File Processing Stats

File Path                              PID    Runtime      # DAGs    # Errors  Last Runtime    Last Run               Last # of DB Queries
-------------------------------------  -----  ---------  --------  ----------  --------------  -------------------  ----------------------
/opt/airflow/dags/dss150p_pipeline.py                           1           0  0.30s           2026-09-23T00:37:17                      12
================================================================================
[2026-09-23T00:38:02.323+0000] {manager.py:997} INFO - 
================================================================================
DAG File Processing Stats

File Path                              PID    Runtime      # DAGs    # Errors  Last Runtime    Last Run               Last # of DB Queries
-------------------------------------  -----  ---------  --------  ----------  --------------  -------------------  ----------------------
/opt/airflow/dags/dss150p_pipeline.py                           1           0  0.37s           2026-09-23T00:37:48                      12
================================================================================
[2026-09-23T00:38:32.747+0000] {manager.py:997} INFO - 
================================================================================
DAG File Processing Stats

File Path                              PID    Runtime      # DAGs    # Errors  Last Runtime    Last Run               Last # of DB Queries
-------------------------------------  -----  ---------  --------  ----------  --------------  -------------------  ----------------------
/opt/airflow/dags/dss150p_pipeline.py                           1           0  0.43s           2026-09-23T00:38:18                      12
================================================================================
[2026-09-23T00:39:03.571+0000] {manager.py:997} INFO - 
================================================================================
DAG File Processing Stats

File Path                              PID    Runtime      # DAGs    # Errors  Last Runtime    Last Run               Last # of DB Queries
-------------------------------------  -----  ---------  --------  ----------  --------------  -------------------  ----------------------
/opt/airflow/dags/dss150p_pipeline.py                           1           0  0.38s           2026-09-23T00:38:49                      12
================================================================================
[2026-09-23T00:39:33.615+0000] {manager.py:997} INFO - 
================================================================================
DAG File Processing Stats

File Path                              PID    Runtime      # DAGs    # Errors  Last Runtime    Last Run               Last # of DB Queries
-------------------------------------  -----  ---------  --------  ----------  --------------  -------------------  ----------------------
/opt/airflow/dags/dss150p_pipeline.py                           1           0  0.61s           2026-09-23T00:39:20                      12
================================================================================
[2026-09-23T00:40:04.098+0000] {manager.py:997} INFO - 
================================================================================
DAG File Processing Stats

File Path                              PID    Runtime      # DAGs    # Errors  Last Runtime    Last Run               Last # of DB Queries
-------------------------------------  -----  ---------  --------  ----------  --------------  -------------------  ----------------------
/opt/airflow/dags/dss150p_pipeline.py                           1           0  0.83s           2026-09-23T00:39:51                      12
================================================================================
[2026-09-23T00:40:34.961+0000] {manager.py:997} INFO - 
================================================================================
DAG File Processing Stats

File Path                              PID    Runtime      # DAGs    # Errors  Last Runtime    Last Run               Last # of DB Queries
-------------------------------------  -----  ---------  --------  ----------  --------------  -------------------  ----------------------
/opt/airflow/dags/dss150p_pipeline.py                           1           0  0.51s           2026-09-23T00:40:22                      12
================================================================================
[2026-09-23T00:40:42.055+0000] {manager.py:821} INFO - Searching for files in /opt/airflow/dags
[2026-09-23T00:40:42.110+0000] {manager.py:824} INFO - There are 1 files in /opt/airflow/dags
[2026-09-23T00:41:05.053+0000] {manager.py:997} INFO - 
================================================================================
DAG File Processing Stats

File Path                              PID    Runtime      # DAGs    # Errors  Last Runtime    Last Run               Last # of DB Queries
-------------------------------------  -----  ---------  --------  ----------  --------------  -------------------  ----------------------
/opt/airflow/dags/dss150p_pipeline.py                           1           0  0.63s           2026-09-23T00:40:53                      12
================================================================================
[2026-09-23T00:41:35.936+0000] {manager.py:997} INFO - 
================================================================================
DAG File Processing Stats

File Path                              PID    Runtime      # DAGs    # Errors  Last Runtime    Last Run               Last # of DB Queries
-------------------------------------  -----  ---------  --------  ----------  --------------  -------------------  ----------------------
/opt/airflow/dags/dss150p_pipeline.py                           1           0  0.50s           2026-09-23T00:41:24                      12
================================================================================
[2026-09-23T00:42:06.370+0000] {manager.py:997} INFO - 
================================================================================
DAG File Processing Stats

File Path                              PID    Runtime      # DAGs    # Errors  Last Runtime    Last Run               Last # of DB Queries
-------------------------------------  -----  ---------  --------  ----------  --------------  -------------------  ----------------------
/opt/airflow/dags/dss150p_pipeline.py                           1           0  0.47s           2026-09-23T00:41:55                      12
================================================================================
[2026-09-23T00:42:36.800+0000] {manager.py:997} INFO - 
================================================================================
DAG File Processing Stats

File Path                              PID    Runtime      # DAGs    # Errors  Last Runtime    Last Run               Last # of DB Queries
-------------------------------------  -----  ---------  --------  ----------  --------------  -------------------  ----------------------
/opt/airflow/dags/dss150p_pipeline.py                           1           0  0.54s           2026-09-23T00:42:26                      12
================================================================================
[2026-09-23T00:43:07.677+0000] {manager.py:997} INFO - 
================================================================================
DAG File Processing Stats

File Path                              PID    Runtime      # DAGs    # Errors  Last Runtime    Last Run               Last # of DB Queries
-------------------------------------  -----  ---------  --------  ----------  --------------  -------------------  ----------------------
/opt/airflow/dags/dss150p_pipeline.py                           1           0  0.52s           2026-09-23T00:42:57                      12
================================================================================
[2026-09-23T00:43:38.183+0000] {manager.py:997} INFO - 
================================================================================
DAG File Processing Stats

File Path                              PID    Runtime      # DAGs    # Errors  Last Runtime    Last Run               Last # of DB Queries
-------------------------------------  -----  ---------  --------  ----------  --------------  -------------------  ----------------------
/opt/airflow/dags/dss150p_pipeline.py                           1           0  0.42s           2026-09-23T00:43:28                      12
================================================================================
[2026-09-23T00:44:08.769+0000] {manager.py:997} INFO - 
================================================================================
DAG File Processing Stats

File Path                              PID    Runtime      # DAGs    # Errors  Last Runtime    Last Run               Last # of DB Queries
-------------------------------------  -----  ---------  --------  ----------  --------------  -------------------  ----------------------
/opt/airflow/dags/dss150p_pipeline.py                           1           0  1.01s           2026-09-23T00:43:59                      12
================================================================================
[2026-09-23T00:44:38.906+0000] {manager.py:997} INFO - 
================================================================================
DAG File Processing Stats

File Path                              PID    Runtime      # DAGs    # Errors  Last Runtime    Last Run               Last # of DB Queries
-------------------------------------  -----  ---------  --------  ----------  --------------  -------------------  ----------------------
/opt/airflow/dags/dss150p_pipeline.py                           1           0  0.72s           2026-09-23T00:44:30                      12
================================================================================
[2026-09-23T00:45:09.187+0000] {manager.py:997} INFO - 
================================================================================
DAG File Processing Stats

File Path                              PID    Runtime      # DAGs    # Errors  Last Runtime    Last Run               Last # of DB Queries
-------------------------------------  -----  ---------  --------  ----------  --------------  -------------------  ----------------------
/opt/airflow/dags/dss150p_pipeline.py                           1           0  0.32s           2026-09-23T00:45:01                      12
================================================================================
[2026-09-23T00:45:39.675+0000] {manager.py:997} INFO - 
================================================================================
DAG File Processing Stats

File Path                              PID    Runtime      # DAGs    # Errors  Last Runtime    Last Run               Last # of DB Queries
-------------------------------------  -----  ---------  --------  ----------  --------------  -------------------  ----------------------
/opt/airflow/dags/dss150p_pipeline.py                           1           0  0.45s           2026-09-23T00:45:31                      12
================================================================================
[2026-09-23T00:45:42.724+0000] {manager.py:821} INFO - Searching for files in /opt/airflow/dags
[2026-09-23T00:45:42.823+0000] {manager.py:824} INFO - There are 1 files in /opt/airflow/dags
[2026-09-23T00:46:10.229+0000] {manager.py:997} INFO - 
================================================================================
DAG File Processing Stats

File Path                              PID    Runtime      # DAGs    # Errors  Last Runtime    Last Run               Last # of DB Queries
-------------------------------------  -----  ---------  --------  ----------  --------------  -------------------  ----------------------
/opt/airflow/dags/dss150p_pipeline.py                           1           0  0.93s           2026-09-23T00:46:03                      12
================================================================================
[2026-09-23T00:46:40.987+0000] {manager.py:997} INFO - 
================================================================================
DAG File Processing Stats

File Path                              PID    Runtime      # DAGs    # Errors  Last Runtime    Last Run               Last # of DB Queries
-------------------------------------  -----  ---------  --------  ----------  --------------  -------------------  ----------------------
/opt/airflow/dags/dss150p_pipeline.py                           1           0  0.41s           2026-09-23T00:46:33                      12
================================================================================
[2026-09-23T00:47:11.459+0000] {manager.py:997} INFO - 
================================================================================
DAG File Processing Stats

File Path                              PID    Runtime      # DAGs    # Errors  Last Runtime    Last Run               Last # of DB Queries
-------------------------------------  -----  ---------  --------  ----------  --------------  -------------------  ----------------------
/opt/airflow/dags/dss150p_pipeline.py                           1           0  0.33s           2026-09-23T00:47:04                      12
================================================================================
[2026-09-23T00:47:42.120+0000] {manager.py:997} INFO - 
================================================================================
DAG File Processing Stats

File Path                              PID    Runtime      # DAGs    # Errors  Last Runtime    Last Run               Last # of DB Queries
-------------------------------------  -----  ---------  --------  ----------  --------------  -------------------  ----------------------
/opt/airflow/dags/dss150p_pipeline.py                           1           0  0.35s           2026-09-23T00:47:35                      12
================================================================================
[2026-09-23T00:48:12.672+0000] {manager.py:997} INFO - 
================================================================================
DAG File Processing Stats

File Path                              PID    Runtime      # DAGs    # Errors  Last Runtime    Last Run               Last # of DB Queries
-------------------------------------  -----  ---------  --------  ----------  --------------  -------------------  ----------------------
/opt/airflow/dags/dss150p_pipeline.py                           1           0  0.51s           2026-09-23T00:48:05                      12
================================================================================
[2026-09-23T00:48:42.698+0000] {manager.py:997} INFO - 
================================================================================
DAG File Processing Stats

File Path                              PID    Runtime      # DAGs    # Errors  Last Runtime    Last Run               Last # of DB Queries
-------------------------------------  -----  ---------  --------  ----------  --------------  -------------------  ----------------------
/opt/airflow/dags/dss150p_pipeline.py                           1           0  0.35s           2026-09-23T00:48:36                      12
================================================================================
[2026-09-23T00:49:13.125+0000] {manager.py:997} INFO - 
================================================================================
DAG File Processing Stats

File Path                              PID    Runtime      # DAGs    # Errors  Last Runtime    Last Run               Last # of DB Queries
-------------------------------------  -----  ---------  --------  ----------  --------------  -------------------  ----------------------
/opt/airflow/dags/dss150p_pipeline.py                           1           0  0.29s           2026-09-23T00:49:07                      12
================================================================================
[2026-09-23T00:49:43.383+0000] {manager.py:997} INFO - 
================================================================================
DAG File Processing Stats

File Path                              PID    Runtime      # DAGs    # Errors  Last Runtime    Last Run               Last # of DB Queries
-------------------------------------  -----  ---------  --------  ----------  --------------  -------------------  ----------------------
/opt/airflow/dags/dss150p_pipeline.py                           1           0  0.66s           2026-09-23T00:49:38                      12
================================================================================
[2026-09-23T00:50:14.024+0000] {manager.py:997} INFO - 
================================================================================
DAG File Processing Stats

File Path                              PID    Runtime      # DAGs    # Errors  Last Runtime    Last Run               Last # of DB Queries
-------------------------------------  -----  ---------  --------  ----------  --------------  -------------------  ----------------------
/opt/airflow/dags/dss150p_pipeline.py                           1           0  1.12s           2026-09-23T00:50:09                      12
================================================================================
[2026-09-23T00:50:42.845+0000] {manager.py:821} INFO - Searching for files in /opt/airflow/dags
[2026-09-23T00:50:42.894+0000] {manager.py:824} INFO - There are 1 files in /opt/airflow/dags
[2026-09-23T00:50:44.529+0000] {manager.py:997} INFO - 
================================================================================
DAG File Processing Stats

File Path                              PID    Runtime      # DAGs    # Errors  Last Runtime    Last Run               Last # of DB Queries
-------------------------------------  -----  ---------  --------  ----------  --------------  -------------------  ----------------------
/opt/airflow/dags/dss150p_pipeline.py                           1           0  1.91s           2026-09-23T00:50:42                      12
================================================================================
[2026-09-23T00:51:15.328+0000] {manager.py:997} INFO - 
================================================================================
DAG File Processing Stats

File Path                              PID    Runtime      # DAGs    # Errors  Last Runtime    Last Run               Last # of DB Queries
-------------------------------------  -----  ---------  --------  ----------  --------------  -------------------  ----------------------
/opt/airflow/dags/dss150p_pipeline.py                           1           0  0.51s           2026-09-23T00:51:13                      12
================================================================================
[2026-09-23T00:51:45.829+0000] {manager.py:997} INFO - 
================================================================================
DAG File Processing Stats

File Path                              PID    Runtime      # DAGs    # Errors  Last Runtime    Last Run               Last # of DB Queries
-------------------------------------  -----  ---------  --------  ----------  --------------  -------------------  ----------------------
/opt/airflow/dags/dss150p_pipeline.py                           1           0  0.97s           2026-09-23T00:51:44                      12
================================================================================
[2026-09-23T00:52:16.412+0000] {manager.py:997} INFO - 
================================================================================
DAG File Processing Stats

File Path                              PID    Runtime      # DAGs    # Errors  Last Runtime    Last Run               Last # of DB Queries
-------------------------------------  -----  ---------  --------  ----------  --------------  -------------------  ----------------------
/opt/airflow/dags/dss150p_pipeline.py                           1           0  0.51s           2026-09-23T00:52:15                      12
================================================================================
[2026-09-23T00:52:46.615+0000] {manager.py:997} INFO - 
================================================================================
DAG File Processing Stats

File Path                              PID    Runtime      # DAGs    # Errors  Last Runtime    Last Run               Last # of DB Queries
-------------------------------------  -----  ---------  --------  ----------  --------------  -------------------  ----------------------
/opt/airflow/dags/dss150p_pipeline.py                           1           0  0.56s           2026-09-23T00:52:46                      12
================================================================================
[2026-09-23T00:53:17.024+0000] {manager.py:997} INFO - 
================================================================================
DAG File Processing Stats

File Path                                PID  Runtime      # DAGs    # Errors  Last Runtime    Last Run               Last # of DB Queries
-------------------------------------  -----  ---------  --------  ----------  --------------  -------------------  ----------------------
/opt/airflow/dags/dss150p_pipeline.py    989  0.02s             1           0  0.56s           2026-09-23T00:52:46                      12
================================================================================
[2026-09-23T00:53:47.999+0000] {manager.py:997} INFO - 
================================================================================
DAG File Processing Stats

File Path                                PID  Runtime      # DAGs    # Errors  Last Runtime    Last Run               Last # of DB Queries
-------------------------------------  -----  ---------  --------  ----------  --------------  -------------------  ----------------------
/opt/airflow/dags/dss150p_pipeline.py    994  0.02s             1           0  0.57s           2026-09-23T00:53:17                      12
================================================================================
[2026-09-23T00:54:18.384+0000] {manager.py:997} INFO - 
================================================================================
DAG File Processing Stats

File Path                              PID    Runtime      # DAGs    # Errors  Last Runtime    Last Run               Last # of DB Queries
-------------------------------------  -----  ---------  --------  ----------  --------------  -------------------  ----------------------
/opt/airflow/dags/dss150p_pipeline.py                           1           0  1.03s           2026-09-23T00:53:49                      12
================================================================================
[2026-09-23T00:54:48.960+0000] {manager.py:997} INFO - 
================================================================================
DAG File Processing Stats

File Path                              PID    Runtime      # DAGs    # Errors  Last Runtime    Last Run               Last # of DB Queries
-------------------------------------  -----  ---------  --------  ----------  --------------  -------------------  ----------------------
/opt/airflow/dags/dss150p_pipeline.py                           1           0  0.56s           2026-09-23T00:54:20                      12
================================================================================
[2026-09-23T00:55:19.103+0000] {manager.py:997} INFO - 
================================================================================
DAG File Processing Stats

File Path                              PID    Runtime      # DAGs    # Errors  Last Runtime    Last Run               Last # of DB Queries
-------------------------------------  -----  ---------  --------  ----------  --------------  -------------------  ----------------------
/opt/airflow/dags/dss150p_pipeline.py                           1           0  0.36s           2026-09-23T00:54:50                      12
================================================================================
[2026-09-23T00:55:43.380+0000] {manager.py:821} INFO - Searching for files in /opt/airflow/dags
[2026-09-23T00:55:43.524+0000] {manager.py:824} INFO - There are 1 files in /opt/airflow/dags
[2026-09-23T00:55:49.627+0000] {manager.py:997} INFO - 
================================================================================
DAG File Processing Stats

File Path                              PID    Runtime      # DAGs    # Errors  Last Runtime    Last Run               Last # of DB Queries
-------------------------------------  -----  ---------  --------  ----------  --------------  -------------------  ----------------------
/opt/airflow/dags/dss150p_pipeline.py                           1           0  0.65s           2026-09-23T00:55:21                      12
================================================================================
[2026-09-23T00:56:20.169+0000] {manager.py:997} INFO - 
================================================================================
DAG File Processing Stats

File Path                              PID    Runtime      # DAGs    # Errors  Last Runtime    Last Run               Last # of DB Queries
-------------------------------------  -----  ---------  --------  ----------  --------------  -------------------  ----------------------
/opt/airflow/dags/dss150p_pipeline.py                           1           0  0.52s           2026-09-23T00:55:52                      12
================================================================================
[2026-09-23T00:56:50.341+0000] {manager.py:997} INFO - 
================================================================================
DAG File Processing Stats

File Path                              PID    Runtime      # DAGs    # Errors  Last Runtime    Last Run               Last # of DB Queries
-------------------------------------  -----  ---------  --------  ----------  --------------  -------------------  ----------------------
/opt/airflow/dags/dss150p_pipeline.py                           1           0  0.47s           2026-09-23T00:56:23                      12
================================================================================
[2026-09-23T00:57:21.285+0000] {manager.py:997} INFO - 
================================================================================
DAG File Processing Stats

File Path                              PID    Runtime      # DAGs    # Errors  Last Runtime    Last Run               Last # of DB Queries
-------------------------------------  -----  ---------  --------  ----------  --------------  -------------------  ----------------------
/opt/airflow/dags/dss150p_pipeline.py                           1           0  0.63s           2026-09-23T00:56:54                      12
================================================================================
[2026-09-23T00:57:51.687+0000] {manager.py:997} INFO - 
================================================================================
DAG File Processing Stats

File Path                              PID    Runtime      # DAGs    # Errors  Last Runtime    Last Run               Last # of DB Queries
-------------------------------------  -----  ---------  --------  ----------  --------------  -------------------  ----------------------
/opt/airflow/dags/dss150p_pipeline.py                           1           0  0.93s           2026-09-23T00:57:25                      12
================================================================================
[2026-09-23T00:58:22.140+0000] {manager.py:997} INFO - 
================================================================================
DAG File Processing Stats

File Path                              PID    Runtime      # DAGs    # Errors  Last Runtime    Last Run               Last # of DB Queries
-------------------------------------  -----  ---------  --------  ----------  --------------  -------------------  ----------------------
/opt/airflow/dags/dss150p_pipeline.py                           1           0  1.06s           2026-09-23T00:57:56                      12
================================================================================
[2026-09-23T00:58:52.251+0000] {manager.py:997} INFO - 
================================================================================
DAG File Processing Stats

File Path                              PID    Runtime      # DAGs    # Errors  Last Runtime    Last Run               Last # of DB Queries
-------------------------------------  -----  ---------  --------  ----------  --------------  -------------------  ----------------------
/opt/airflow/dags/dss150p_pipeline.py                           1           0  0.58s           2026-09-23T00:58:27                      12
================================================================================
[2026-09-23T00:59:22.291+0000] {manager.py:997} INFO - 
================================================================================
DAG File Processing Stats

File Path                              PID    Runtime      # DAGs    # Errors  Last Runtime    Last Run               Last # of DB Queries
-------------------------------------  -----  ---------  --------  ----------  --------------  -------------------  ----------------------
/opt/airflow/dags/dss150p_pipeline.py                           1           0  0.59s           2026-09-23T00:58:58                      12
================================================================================
[2026-09-23T00:59:52.371+0000] {manager.py:997} INFO - 
================================================================================
DAG File Processing Stats

File Path                              PID    Runtime      # DAGs    # Errors  Last Runtime    Last Run               Last # of DB Queries
-------------------------------------  -----  ---------  --------  ----------  --------------  -------------------  ----------------------
/opt/airflow/dags/dss150p_pipeline.py                           1           0  0.65s           2026-09-23T00:59:29                      12
================================================================================
[2026-09-23T01:00:22.432+0000] {manager.py:997} INFO - 
================================================================================
DAG File Processing Stats

File Path                              PID    Runtime      # DAGs    # Errors  Last Runtime    Last Run               Last # of DB Queries
-------------------------------------  -----  ---------  --------  ----------  --------------  -------------------  ----------------------
/opt/airflow/dags/dss150p_pipeline.py                           1           0  0.65s           2026-09-23T01:00:01                      12
================================================================================
[2026-09-23T01:00:43.766+0000] {manager.py:821} INFO - Searching for files in /opt/airflow/dags
[2026-09-23T01:00:43.875+0000] {manager.py:824} INFO - There are 1 files in /opt/airflow/dags
[2026-09-23T01:00:53.088+0000] {manager.py:997} INFO - 
================================================================================
DAG File Processing Stats

File Path                              PID    Runtime      # DAGs    # Errors  Last Runtime    Last Run               Last # of DB Queries
-------------------------------------  -----  ---------  --------  ----------  --------------  -------------------  ----------------------
/opt/airflow/dags/dss150p_pipeline.py                           1           0  0.37s           2026-09-23T01:00:31                      12
================================================================================
